# name<TAB>arguments (run in a copy of fixtures/tiltalign; '-' = none)
g1_basic	-ModelFile g1.fid -ImageSizeXandY 1024,1024 -TiltFile g1.rawtlt -OutputTransformFile g1.xf -OutputTiltFile g1.tlt -OutputResidualFile g1.resid -OutputModelFile g1.3dmod -OutputFidXYZFile g1fid.xyz -RotationAngle -12 -RotOption 1 -TiltOption 5 -TiltDefaultGrouping 5 -MagOption 1 -MagDefaultGrouping 4 -MagReferenceView 1 -CrossValidate 0 -SurfacesToAnalyze 2
g1_zorig	-ModelFile g1.fid -ImageSizeXandY 1024,1024 -TiltFile g1.rawtlt -OutputTransformFile g1.xf -OutputTiltFile g1.tlt -OutputResidualFile g1.resid -OutputModelFile g1.3dmod -OutputFidXYZFile g1fid.xyz -RotationAngle -12 -RotOption 1 -TiltOption 5 -TiltDefaultGrouping 5 -MagOption 1 -MagDefaultGrouping 4 -MagReferenceView 1 -CrossValidate 0 -ShiftZFromOriginal 1 -SurfacesToAnalyze 2 -AngleOffset 1.5 -ResidualReportCriterion -2.5
g1_binned	-ModelFile g1.fid -ImageSizeXandY 1024,1024 -TiltFile g1.rawtlt -OutputTransformFile g1.xf -OutputTiltFile g1.tlt -OutputResidualFile g1.resid -OutputModelFile g1.3dmod -OutputFidXYZFile g1fid.xyz -RotationAngle -12 -RotOption 1 -TiltOption 5 -TiltDefaultGrouping 5 -MagOption 1 -MagDefaultGrouping 4 -MagReferenceView 1 -CrossValidate 0 -AxisZShift 1000 -ImagesAreBinned 2 -UnbinnedPixelSize 0.34
g1_robust	-ModelFile g1.fid -ImageSizeXandY 1024,1024 -TiltFile g1.rawtlt -OutputTransformFile g1.xf -OutputTiltFile g1.tlt -OutputResidualFile g1.resid -OutputModelFile g1.3dmod -OutputFidXYZFile g1fid.xyz -RotationAngle -12 -RotOption 1 -TiltOption 5 -TiltDefaultGrouping 5 -MagOption 1 -MagDefaultGrouping 4 -MagReferenceView 1 -CrossValidate 0 -RobustFitting 1
g1_robust_fail	-ModelFile g1.fid -ImageSizeXandY 1024,1024 -TiltFile g1.rawtlt -OutputTransformFile g1.xf -OutputTiltFile g1.tlt -OutputResidualFile g1.resid -OutputModelFile g1.3dmod -OutputFidXYZFile g1fid.xyz -RotationAngle -12 -RotOption 1 -TiltOption 5 -TiltDefaultGrouping 5 -MagOption 1 -MagDefaultGrouping 4 -MagReferenceView 1 -CrossValidate 0 -RobustFitting 1 -MaximumCycles 3
g1_testfrac	-ModelFile g1.fid -ImageSizeXandY 1024,1024 -TiltFile g1.rawtlt -OutputTransformFile g1.xf -OutputTiltFile g1.tlt -OutputResidualFile g1.resid -OutputModelFile g1.3dmod -OutputFidXYZFile g1fid.xyz -RotationAngle -12 -RotOption 1 -TiltOption 5 -TiltDefaultGrouping 5 -MagOption 1 -MagDefaultGrouping 4 -MagReferenceView 1 -CrossValidate 1 -TestSetIntervalOrFrac 0.2 -RandomSeed 99
g1_fill	-ModelFile g1.fid -ImageSizeXandY 1024,1024 -TiltFile g1.rawtlt -OutputTransformFile g1.xf -OutputTiltFile g1.tlt -OutputResidualFile g1.resid -OutputModelFile g1.3dmod -OutputFidXYZFile g1fid.xyz -RotationAngle -12 -RotOption 1 -TiltOption 5 -TiltDefaultGrouping 5 -MagOption 1 -MagDefaultGrouping 4 -MagReferenceView 1 -CrossValidate 0 -OutputFilledInModel g1_nogaps.fid -OutputTopBotResiduals g1tb -SurfacesToAnalyze 2 -OutputUnadjustedTiltFile g1u.tlt
g3_dist	-ModelFile g3.fid -ImageSizeXandY 1024,1024 -TiltFile g3.rawtlt -OutputTransformFile g3.xf -OutputTiltFile g3.tlt -OutputXAxisTiltFile g3.xtilt -OutputResidualFile g3.resid -OutputModelFile g3.3dmod -RotationAngle 5 -RotOption 1 -TiltOption 5 -MagOption 1 -SurfacesToAnalyze 2 -RotDefaultGrouping 5 -TiltDefaultGrouping 5 -MagDefaultGrouping 4 -XStretchDefaultGrouping 7 -SkewDefaultGrouping 11 -CrossValidate 0 -XStretchOption 3 -SkewOption 3
g3_xtilt_beam	-ModelFile g3.fid -ImageSizeXandY 1024,1024 -TiltFile g3.rawtlt -OutputTransformFile g3.xf -OutputTiltFile g3.tlt -OutputXAxisTiltFile g3.xtilt -OutputResidualFile g3.resid -OutputModelFile g3.3dmod -RotationAngle 5 -RotOption 1 -TiltOption 5 -MagOption 1 -SurfacesToAnalyze 2 -RotDefaultGrouping 5 -TiltDefaultGrouping 5 -MagDefaultGrouping 4 -XStretchDefaultGrouping 7 -SkewDefaultGrouping 11 -CrossValidate 0 -XTiltOption 4 -XTiltDefaultGrouping 2000 -BeamTiltOption 2 -FixedOrInitialBeamTilt 0.1
g4_transpose	-ModelFile g4.fid -ImageSizeXandY 1024,1024 -TiltFile g4.rawtlt -OutputTransformFile g4.xf -OutputTiltFile g4.tlt -OutputModelFile g4.3dmod -OutputFidXYZFile g4fid.xyz -RotationAngle -85 -SurfacesToAnalyze 2 -CrossValidate 0
g2_local	-ModelFile g2.fid -TiltFile g2.rawtlt -OutputTransformFile g2.xf -OutputTiltFile g2.tlt -OutputXAxisTiltFile g2.xtilt -OutputResidualFile g2.resid -OutputModelFile g2.3dmod -OutputFidXYZFile g2fid.xyz -RotationAngle 78 -RotOption 1 -RotDefaultGrouping 5 -TiltOption 5 -TiltDefaultGrouping 5 -MagOption 1 -MagDefaultGrouping 4 -MagReferenceView 1 -SurfacesToAnalyze 2 -OutputZFactorFile g2.zfac -CrossValidate 0 -LocalAlignments 1 -OutputLocalFile g2local.xf -MinFidsTotalAndEachSurface 8,3 -LocalOutputOptions 1,0,1 -LocalRotOption 3 -LocalRotDefaultGrouping 6 -LocalTiltOption 5 -LocalTiltDefaultGrouping 6 -LocalMagReferenceView 1 -LocalMagOption 3 -LocalMagDefaultGrouping 7 -TargetPatchSizeXandY 700,700 -MinSizeOrOverlapXandY 0.5,0.5 -FixXYZCoordinates 1
err_noargs	-
err_nolocalfile	-ModelFile g1.fid -ImageSizeXandY 1024,1024 -TiltFile g1.rawtlt -OutputTransformFile g1.xf -OutputTiltFile g1.tlt -OutputResidualFile g1.resid -OutputModelFile g1.3dmod -OutputFidXYZFile g1fid.xyz -RotationAngle -12 -RotOption 1 -TiltOption 5 -TiltDefaultGrouping 5 -MagOption 1 -MagDefaultGrouping 4 -MagReferenceView 1 -CrossValidate 0 -LocalAlignments 1
err_both	-ModelFile g1.fid -ImageSizeXandY 1024,1024 -TiltFile g1.rawtlt -OutputTransformFile g1.xf -OutputTiltFile g1.tlt -OutputResidualFile g1.resid -OutputModelFile g1.3dmod -OutputFidXYZFile g1fid.xyz -RotationAngle -12 -RotOption 1 -TiltOption 5 -TiltDefaultGrouping 5 -MagOption 1 -MagDefaultGrouping 4 -MagReferenceView 1 -CrossValidate 0 -LocalAlignments 1 -OutputLocalFile l.xf -NumberOfLocalPatchesXandY 3,3 -TargetPatchSizeXandY 500,500
err_fixedxyz_few	-ModelFile g1.fid -ImageSizeXandY 1024,1024 -TiltFile g1.rawtlt -OutputTransformFile g1.xf -OutputTiltFile g1.tlt -OutputResidualFile g1.resid -OutputModelFile g1.3dmod -OutputFidXYZFile g1fid.xyz -RotationAngle -12 -RotOption 1 -TiltOption 5 -TiltDefaultGrouping 5 -MagOption 1 -MagDefaultGrouping 4 -MagReferenceView 1 -CrossValidate 0 -FixedXYZInputFile few.xyz
err_cv_btype	-ModelFile g1.fid -ImageSizeXandY 1024,1024 -TiltFile g1.rawtlt -OutputTransformFile g1.xf -OutputTiltFile g1.tlt -OutputResidualFile g1.resid -OutputModelFile g1.3dmod -OutputFidXYZFile g1fid.xyz -RotationAngle -12 -RotOption 1 -TiltOption 5 -TiltDefaultGrouping 5 -MagOption 1 -MagDefaultGrouping 4 -MagReferenceView 1 -CrossValidate 1 -CVMinAndMaxCoverageFactor 0.5,3
pt6_trackgroup_cv	-ModelFile pt6.fid -ImageSizeXandY 1024,1024 -TiltFile pt6.rawtlt -OutputTransformFile pt6.xf -OutputTiltFile pt6.tlt -OutputXAxisTiltFile pt6.xtilt -OutputResidualFile pt6.resid -OutputModelFile pt6.3dmod -OutputFidXYZFile pt6fid.xyz -RotationAngle -90 -UnbinnedPixelSize 0.4716 -RotOption 1 -RotDefaultGrouping 5 -TiltOption 5 -TiltDefaultGrouping 5 -MagOption 1 -MagDefaultGrouping 4 -MagReferenceView 1 -SurfacesToAnalyze 1 -NoSeparateTiltGroups 1 -CrossValidate 1 -RobustFitting 1 -WeightWholeTracks 1
