# name	arguments (- for none)	stdin (printf escapes, - for none)	native-equivalent arguments: -output is ignored natively (BUGS.md, remapmodel)
rm_reverse	-input r1.mod -output o.mod -new 9-0	-	r1.mod o.mod -new 9-0
rm_oldnew	-input r1.mod -output o.mod -old 0-9 -new 0,2,4,6,8,10,12,14,16,18	-	r1.mod o.mod -old 0-9 -new 0,2,4,6,8,10,12,14,16,18
rm_full_negate	-input r1.mod -output o.mod -full -new -1	-	r1.mod o.mod -full -new -1
rm_add	-input r1.mod -output o.mod -add 1.5,-2,3	-	r1.mod o.mod -add 1.5,-2,3
rm_delete	-input r1.mod -output o.mod -old 0-9 -new 0,1,2,-999,4,5,6,7,8,9	-	r1.mod o.mod -old 0-9 -new 0,1,2,-999,4,5,6,7,8,9
rm_chunks	-input r1.mod -output o.mod -fromchunks 0,4,5,9 -tochunks 1,3,9,6	-	r1.mod o.mod -fromchunks 0,4,5,9 -tochunks 1,3,9,6
rm_reorder	-input r1.mod -output o.mod -new 9,8,7,6,5,0,1,2,3,4 -reorder 1	-	r1.mod o.mod -new 9,8,7,6,5,0,1,2,3,4 -reorder 1
rm_thick	-input r1.mod -output o.mod -thick thick.txt -pixel 0.5	-	r1.mod o.mod -thick thick.txt -pixel 0.5
rm_nonew	-input r1.mod -output o.mod	-	r1.mod o.mod
rm_count	-input r1.mod -output o.mod -new 1-3	-	r1.mod o.mod -new 1-3
rm_interactive	-	r1.mod\no.mod\n9-0\n1,1,1\n1\n
rm_interactive_slash	-	r1.mod\no.mod\n/\n0,0,0\n
rm_thick_ok	-input r1.mod -output o.mod -thick thick2.txt -pixel 0.5	-	r1.mod o.mod -thick thick2.txt -pixel 0.5
rm_thick_scale	-input r1.mod -output o.mod -thick thick2.txt -pixel 2.5 -add 1,2,0	-	r1.mod o.mod -thick thick2.txt -pixel 2.5 -add 1,2,0
rm_positional	r1.mod o.mod -new 9-0	-
