# name	args	stdin
find_f	-input f.mrc -output o.mrc -find	-
find_s	-input s.mrc -output o.mrc -find	-
#full	find_b	-input b.mrc -output o.mrc -find	-
find_nonopt	s.mrc o.mrc -find	-
#full	find_verbose	-input f.mrc -output o.mrc -find -verbose	-
find_points	-input s.mrc -output o.mrc -find -points p.mod	-
#full	find_points_trial	-input f.mrc -find -points p.mod -trial	-
find_inplace	-input s.mrc -find	-
find_criteria	-input s.mrc -output o.mrc -find -peak 5 -diff 6 -grow 3 -scan 2.5	-
find_crit0	-input s.mrc -output o.mrc -find -peak 0 -diff 0	-
find_radius	-input s.mrc -output o.mrc -find -radius 3.5 -outer 6	-
find_width	-input s.mrc -output o.mrc -find -radius 1.5 -width 3	-
find_outerwidth	-input s.mrc -output o.mrc -find -outer 5 -width 2	-
find_giant	-input s.mrc -output o.mrc -find -giant 8 -large 6 -big 10 -verbose	-
find_giant0	-input s.mrc -output o.mrc -find -giant 0	-
find_maxdiff	-input s.mrc -output o.mrc -find -maxdiff 4 -diff 5	-
find_xyscan	-input s.mrc -output o.mrc -find -xyscan 30 -edge 4	-
#full	find_xyscan_edge	-input s.mrc -output o.mrc -find -xyscan 5 -edge 200	-
find_iter	-input f.mrc -find -iterations 1 -verbose -trial	-
#full	find_iter6	-input s.mrc -output o.mrc -find -iterations 6 -verbose	-
find_border_order	-input s.mrc -output o.mrc -find -border 4 -order 3	-
find_order0	-input s.mrc -output o.mrc -find -order 0 -border 1	-
find_order1_excl	-input s.mrc -output o.mrc -find -order 1 -exclude	-
find_half	-input f.mrc -output o.mrc -find -halffloat 1	-
#full	find_half_s	-input s.mrc -output o.mrc -find -halffloat 2	-
model_all	-input s.mrc -output o.mrc -model m1.mod -lines 2 -circle 3 -boundary 4,5 -allsec 6	-
model_all_find	-input f.mrc -output o.mrc -model m1.mod -lines 2 -circle 3 -boundary 4,5 -allsec 6 -find -better 4 -points p.mod -verbose -merge	-
#full	model_merge	-input s.mrc -output o.mrc -model m1.mod -lines 2 -circle 3 -boundary 4,5 -merge -verbose	-
model_expand_halo	-input s.mrc -output o.mrc -model m1.mod -circle 3 -expand 3 -halo 1 -verbose	-
model_target	-input f.mrc -output o.mrc -model m1.mod -circle 3 -expand 2 -target 2 -verbose	-
model_better_list	-input s.mrc -output o.mrc -model m1.mod -circle 3,1 -better 3,2	-
model_better_bad	-input s.mrc -output o.mrc -model m1.mod -circle 3,1 -better 3,2,1	-
model_better_all	-input s.mrc -output o.mrc -model mb.mod -circle / -better 3.5	-
model_nosize	-input s.mrc -output o.mrc -model mb.mod -circle 1	-
model_scat	-input s.mrc -output o.mrc -model mbs.mod -circle 1 -merge	-
model_defaults	-input s.mrc -output o.mrc -model m1.mod	-
model_circle_allsec	-input s.mrc -output o.mrc -model m1.mod -circle 3 -allsec 3	-
#full	model_multi	-input s.mrc -output o.mrc -model m1.mod -circle 3 -lines 3	-
model_lines	-input s.mrc -output o.mrc -model mlines.mod -lines 1 -verbose	-
#full	model_lines_b	-input b.mrc -output o.mrc -model mlines.mod -lines 1	-
model_line3	-input s.mrc -output o.mrc -model ml3.mod -lines 1	-
model_lined	-input s.mrc -output o.mrc -model mld.mod -lines 1	-
model_linez	-input s.mrc -output o.mrc -model mlz.mod -lines 1	-
model_z	-input s.mrc -output o.mrc -model mz.mod	-
model_z_allsec	-input s.mrc -output o.mrc -model mz.mod -allsec 1	-
model_boundary	-input s.mrc -output o.mrc -model medge.mod -boundary 1 -verbose	-
model_boundary_order	-input s.mrc -output o.mrc -model m1.mod -boundary 4 -order 1 -border 3	-
#full	model_trial	-input f.mrc -model m1.mod -circle 3 -trial	-
model_inplace	-input s.mrc -model m1.mod -circle 3 -lines 2	-
model_border9	-input s.mrc -output o.mrc -model m1.mod -circle 3 -border 9 -order 7 -exclude	-
model_piece	-input s.mrc -output o.mrc -model mm.mod -piece mont.pl -find -points p.mod	-
model_piece_overlap	-input s.mrc -output o.mrc -model mm.mod -piece mont.pl -overlaps 20,0 -points p.mod -find	-
model_piece_bad	-input s.mrc -output o.mrc -model mbad.mod -piece mont.pl	-
skip	-input s.mrc -output o.mrc -model mv.mod -skip -merge -find -points p.mod -verbose	-
#full	noskip	-input s.mrc -output o.mrc -model mv.mod	-
bigcircle	-input s.mrc -output o.mrc -model mbigc.mod -circle 1	-
taper_err	-input s.mrc -output o.mrc -model mtap.mod -boundary 1	-
param	-input s.mrc -output o.mrc -param par.txt	-
pid	-input s.mrc -output o.mrc -find -PID	-
err_noinput	-output o.mrc -find	-
err_nomodel	-input s.mrc -output o.mrc	-
err_missing_model	-input s.mrc -output o.mrc -model nosuch.mod	-
err_missing_input	-input nosuch.mrc -output o.mrc -find	-
err_badopt	-input s.mrc -output o.mrc -bogus	-
help	-help	-
interactive	-	s.mrc\no.mrc\nm1.mod\n6\n2\n/\n/\n/\n
#full	interactive2	-	s.mrc\n\nm1.mod\n\n2\n3\n1\n0\n
interactive_eof	-	s.mrc\no.mrc\nm1.mod\n6\n
